	Texte contient	Type	Entité correcte	motif
Atlantique	Organisation du traité de l'Atlantique nord	Institutions	Organisation du traité de l'Atlantique nord (OTAN)	corrections
Atlantique	traité de l'Atlantique nord	Institutions	Organisation du traité de l'Atlantique nord (OTAN)	corrections
OTAN	OTAN	Institutions	Organisation du traité de l'Atlantique nord (OTAN)	acronyme
Nations	Nations unies	Institutions	Organisation des Nations unies (ONU)	acronyme
ONU	ONU	Institutions	Organisation des Nations unies (ONU)	acronyme
FMI	FMI	Institutions	Fonds monétaire international (FMI)	acronyme
				
// Personnalités				
Gaulle	de Gaulle	Personnalités	Charles de Gaulle	correction
Fonds	Fonds monétaire international	Institutions	Fonds monétaire international (FMI)	correction
État	coup d'État	a_ajouter	Coup d'État	
Hassan II du Maroc	Hassan II du Maroc	Personnalités	Hassan II	correction
Majesté Hassan II	Majesté Hassan II	Personnalités	Hassan II	
Reagan	Reagan	Personnalités	Ronald Reagan	
Marx	Marx	Personnalités	Karl Marx	alias
Gorbatchev	Gorbatchev	Personnalités	Mikhaïl Gorbatchev	alias
Mao Tsé-Toung	Mao Tsé-Toung	Personnalités	Mao Zedong	alias
Mao	Mao	Personnalités	Mao Zedong	alias
Le Pen	Mme Le Pen	Personnalités	Marine Le Pen	correction
Le Pen	M. Le Pen	Personnalités	Jean-Marie Le Pen	correction
Pinochet	Pinochet	Personnalités	Augusto Pinochet	alias
BHL	BHL	Personnalités	Bernard-Henri Lévy	alias
Giscard d'Estaing	Giscard d'Estaing	Personnalités	Valery Giscard d'Estaing	alias
Nasser	Nasser	Personnalités	Gamal Abdel Nasser	alias
Allende	Allende	Personnalités	Salvadore Allende	alias
Jean-Paul II	Jean-Paul II	Personnalités	Jean Paul II	correction
Ben Laden	Ben Laden	Personnalités	Oussama Ben Laden	alias
Malcolm	Malcolm X	Personnalités	Malcolm X	correction
Fidel	Fidel	Personnalités	Fidel Castro	alias
Che Guevara	Che Guevara	Personnalités	Ernesto Che Guevara	alias
Che	Che	Personnalités	Ernesto Che Guevara	alias
Lula da Silva	Lula da Silva	Personnalités	Luiz Inácio Lula da Silva	alias
Lula	Lula	Personnalités	Luiz Inácio Lula da Silva	alias
Abdel xxx Sissi	Abdel Fatah Sissi	Personnalités	Abdel Fattah Al-Sissi	correction
				
// Partis politiques avec nom d'usage ou disparus				
Hamas	Hamas	Partis politiques	Mouvement de la résistance islamique (Hamas)	alias
OLP	OLP	Partis politiques	Organisation de libération de la Palestine (OLP)	alias
Hezbollah	Hezbollah	Partis politiques	Parti de Dieu (Hezbollah)	alias
NPA	NPA	Partis politiques	Nouveau Parti anticapitaliste (NPA)	alias
PS	PS	Partis politiques	Parti socialiste (PS)	alias
Parti socialiste	Parti socialiste	Partis politiques	Parti socialiste (PS)	alias
PC	communiste français	Partis politiques	Parti communiste français (PCF)	alias
Front	Front national	Partis politiques	Front national (FN)	alias
Front national	Front national	Partis politiques	Front national (FN)	correction
Khmers	Khmers rouges	Partis politiques	Khmers rouges	correction
Conseil	Conseil national de la Résistance	Partis politiques	Conseil national de la Résistance (CNR)	correction
Parti	Parti populaire français	Partis politiques	Parti populaire français (PPF)	correction
Front Al-Nosra	Front Al-Nosra	Partis politiques	Front Fatah Al-Cham	alias
				
// Pays avec noms d'usage				
RFA	RFA	Pays	République fédérale d'Allemagne (RFA)	alias
RDC	RDC	Pays	République démocratique du Congo (RDC)	alias
RDA	RDA	Pays	République démocratique allemande (RDA)	alias
Maastricht	traité de Maastricht	a_ajouter	traité de Maastricht	correction
RAU	RAU	Pays	République arabe unie	alias
Arabie Saoudite	Arabie Saoudite	Pays	Arabie saoudite	
				
// Alias				
Caire	Caire	Villes	Le Caire	correction
New York Times	New York Times	Journaux	The New York Times	correction
New York	New York Times	Journaux	The New York Times	correction
media:New York Times	New York Times	Sources	media:The New York Times	correction
Monde SA	Monde SA	Journaux	Le Monde	correction
Monde	Monde	Journaux	Le Monde	correction
Point	Point	Journaux	Le Point	correction
Figaro	Figaro	Journaux	Le Figaro	correction
TF	TF 1	Journaux	TF1	correction
Black Panthers	Black Panthers	Partis politiques	Panthères noires	alias
				
// Choses connues				
Jeux	Jeux olympiques	a_ajouter	Jeux olympiques	correction
Déclaration des droits de l'homme	Déclaration des droits de l'homme	Institutions	Déclaration universelle des droits de l'homme	correction
Panthères	Panthères noires	Partis politiques	Panthères noires	correction
				
// Accents				
Equateur	Equateur	Pays	Équateur	correction
Etats-unis	Etats-unis	Pays	États-Unis	correction
Abdel xxx Al-Sissi	Al-Sissi	Personnalités	Abdel Fattah Al-Sissi	correction
Dien Bien Phu	Dien Bien Phu	Geographie	Diên Biên Phu	correction
				
				
				
				
// Ajoutés par Suzy				
Organisation du traité de l'Asie du Sud-Est	Organisation du traité de l'Asie du Sud-Est	Organisations	Association des nations de l’Asie du Sud-Est	alias
État islamique	Etat islamique	Partis politiques	Organisation de l'État islamique (OEI)	alias
Communauté des États	indépendants	Organisations	Communauté des États indépendants (CEI)	correction
Communauté des États	latino-amércain	Organisations	Communauté des États latino-américains et Caraïbe (Celac)	correction
la Commission	europe	Organisations	Commission européenne	correction
Timor oriental	Timor oriental	Geographie	Timor-Leste	alias
Timor-Oriental	Timor-Oriental	Geographie	Timor-Leste	alias
ASEAN	ASEAN	Organisations	Association des nations de l'Asie du Sud-Est (Anase)	alias
Frères	musulmans	Partis politiques	Frères musulmans	correction
Sadam	Hussein	Personnalités	Saddam Hussein	correction
Arabie Séoudite	Arabie Séoudite	Pays	Arabie saoudite	alias
Arabie séoudite	Arabie séoudite	Pays	Arabie saoudite	alias
Oréal Paris	Oréal Paris	Entreprises	L'Oréal Paris	correction
République serbe de Bosnie	République serbe de Bosnie	Pays	Bosnie-Herzégovine	alias
Chi Minh	Chi Minh	Géographie	Ho Chi Minh	correction
Ho Chi-Minh	Ho Chi-Minh	Géographie	Ho Chi Minh	correction
La République en marche	La République en marche	Partis politiques	La République en marche (LREM)	
République islamique	Iran	Pays	Iran	alias
République islamique	Afghanistan	Pays	Afghanistan	alias
République islamique	Pakistan	Pays	Pakistan	alias
République islamique	Mauritanie	Pays	Mauritanie	alias
Daech	Daech	Partis politiques	Organisation de l'État islamique (OEI)	alias
Daesh	Daesh	Partis politiques	Organisation de l'État islamique (OEI)	alias
New-york	New-york	Géographie	New York	correction
Buenos-Aires	Buenos-Aires	Géographie	Buenos Aires	correction
Costa-Rica	Costa-Rica	Géographie	Costa Rica	correction
Kadhafi	Kadhafi	Personnalités	Mouammar Kadhafi	alias
les Communes	les Communes	Institutions	Chambre des Communes	alias
Burkina	Burkina	Pays	Burkina Faso	alias
Pâcques	île de 	Géographie	Île de Pacques	correction
Amal	mouvement	Partis politiques	Mouvement Amal	correction
Churchill	Churchill	Personnalités	Winston Churchill	
Clémenceau	Clémenceau	Personnalités	Georges Clémenceau	
Mossadegh	Mossadegh	Personnalités	Mohammad Mossadegh	
Khol	Khol	Personnalités	Helmut Khol	
Sri-Lanka	Sri-Lanka	Pays	Sri Lanka	correction
Kuala-Lumpur	Kuala-Lumpur	Géographie	Kuala Lumpur	correction
Führer	Führer	Personnalités	Adolf Hitler	alias
Camus	Camus	Personnalités	Albert Camus	alias
Tocqueville	Tocqueville	Personnalités	Alexis de Tocqueville	alias
Centrafrique	Centrafrique	Géographie	République centrafricaine	alias
Jaurès	Jaurès	Personnalités	Jean Jaurès	alias
Pétain	Pétain	Personnalités	Philippe Pétain	alias
Tananarive	Tananarive	Géographie	Antananarivo	ancien_nom
général Dayan	général Dayan	Personnalités	Moché Dayan	alias
Sartre	Sartre	Personnalités	Jean-Paul Sartre	alias
Rio-de-Janeiro	Rio-de-Janeiro	Géographie	Rio de janeiro	correction
CAC	40	Institutions	CAC 40	correction
Constantinople	Constantinople	Géographie	Istanbul	ancien_nom
Bengale oriental	Bengale oriental	Géographie	Pakistan	ancien_nom
Bretton-Woods	Bretton-Woods	Sujets	Bretton Woods	
Taïpeh	Taïpeh	Géographie	Taipei	correction
San-Francisco	San-Francisco	Géographie	San Francisco	correction
Ryad	Ryad	Géographie	Riyad	correction
Riad	Riad	Géographie	Riyad	correction
Dehli	Dehli	Géographie	New Delhi	correction
New-Delhi	New-Delhi	Géographie	New Delhi	correction
Sao-Paulo	Sao-Paulo	Géographie	Saõ Paulo	correction
Adenauer	Adenauer	Personnalités	Konrad Adenauer	correction
Baltique	Baltique	Géographie	mer Baltique	alias
Saint-Siège	Saint-Siège	Géographie	Saint Siège	correction
Phnom-Penh	Phnom-Penh	Géographie	Phnom Penh	correction
Rhodésie	Rhodésie	Géographie	Zimbabwe	ancien_nom
Mobutu	Mobutu	Personnalités	Joseph Mobutu	alias
Khomeiny	Khomeiny	Personnalités	Rouhollah Khomeiny	alias
Abdel Nasser	Abdel Nasser	Personnalités	Gamal Abdel Nasser	alias
Calvo Ospina	Calvo Ospina	Personnalités	Hernando Calvo Ospina	alias
Calvo Serer	Calvo Serer	Personnalités	Rafael Calvo Serer	alias
Collor de Mello	Collor de Mello	Personnalités	Fernande Collor de Mello	alias
Intifida	Intifida	Sujets	Intifada	correction
Conrad Adenauer	Conrad Adenauer	Personnalités	Konrad Adenauer	alias
Díaz Ordaz	Díaz Ordaz	Personnalités	Gustavo Díaz Ordaz	alias
Febres Cordero	Febres Cordero	Personnalités	Léon Febres Cordero	alias
Foster Dulles	Foster Dulles	Personnalités	John Foster Dulles	alias
Garcia Godoy	Garcia Godoy	Personnalités	Hector Garcia Godoy	alias
García Meza	García Meza	Personnalités	Luis García Meza	alias
Hafez Assad	Hafez Assad	Personnalités	Hafez Al-Assad	alias
Hsing Han	Hsing Han	Personnalités	Lo Hsing Han	alias
Maale Adumim	Maale Adumim	Géographie	Maale Adoumim	correction
Mao Tse-Toung	Mao Tse-Toung	Personnalités	Mao Zedong	correction
Mao Tsetoung 	Mao Tsetoung 	Personnalités	Mao Zedong	correction
Mohamad Khatami	Mohamad Khatami	Personnalités	Mohamed Khatami	correction
Napoléon Duarte	Napoléon Duarte	Personnalités	José Napoléon Duarte	correction
Nicolas Ceausescu	Nicolas Ceausescu	Personnalités	Nicolae Ceausescu	correction
Paz Estenssoro	Paz Estenssoro	Personnalités	Victor Paz Estenssoro	alias
Pérez de Cuellar	Pérez de Cuellar	Personnalités	Javier Pérez de Cuellar	alias
Roa Bastos	Roa Bastos	Personnalités	Augusto Roa Bastos	
Timor-Est	Timor-Est	pays	Timor-Leste	alias
Rwanda-Urundi				
Knesseth	Knesseth	Institutions	Knesset	ancien_nom
Caboul	Caboul	Géographie	Kaboul	ancien_nom
Stamboul	Stamboul	Géographie	Istanbul	ancien_nom
Istamboul	Istamboul	Géographie	Istanbul	ancien_nom
Bélize	Bélize	Géographie	Belize	correction
Communauté charbon-acier	Communauté charbon-acier	Institutions	Communauté européenne du charbon et de l'acier (CECA)	correction
Staline	Staline	Personnalités	Joseph Staline	alias
Malaysia	Malaysia	Géographie	Malaisie	correction
Bandoeng	Bandoeng	Géographie	Bandung	correction
Chah	Chah	Personnalités	Chah d'Iran	alias
Antarctide	Antarctide	Géographie	Antarctique	alias
Ville lumière	Ville lumière	Géographie	Paris	correction
Congress of South African	Congress of South African	Organisations	Congrès des syndicates sud-africains	
State Department	State Department	Institutions	Département d'État	alias
UFC	UFC	Entreprises	United Fruit Company	alias
UFC	Que choisir	Organisations	UFC - Que chosir	correction
Communauté d'Etats indépendants (CEI)	Communauté d'Etats indépendants (CEI)	Organisations	Communauté des États indépendants (CEI)	correction
Fédération internationale de football association (FIFA)	Fédération internationale de football association (FIFA)	Institutions	Fédération internationale de Football (FIFA)	correction
Sciences Po Paris	Sciences Po Paris	Institutions	Sciences Po	correction
Haut-Commissariat pour les réfugiés (HCR)	Haut-Commissariat pour les réfugiés (HCR)	Institutions	Haut Commissariat des Nations unies pour les réfugiés (HCR)	correction
Haut Commissariat pour les réfugiés (HCR)	Haut Commissariat pour les réfugiés (HCR)	Institutions	Haut Commissariat des Nations unies pour les réfugiés (HCR)	
traité de non-prolifération nucléaire (TNP)	traité de non-prolifération nucléaire (TNP)	Institutions	Traité de non-prolifération nucléaire (TNP)	correction
Mouvement des travailleurs ruraux sans terre (MST)	Mouvement des travailleurs ruraux sans terre (MST)	Partis politiques	Mouvement des travailleurs sans terre (MST)	alias
Mouvement des sans-terre (MST)	Mouvement des sans-terre (MST)	Partis politiques	Mouvement des travailleurs sans terre (MST)	
Armée de libération du Kosovo (UCK)	Armée de libération du Kosovo (UCK)	Partis politiques	Armée de libération du Kosovo (UÇK)	alias
Organisation de coopération et de développement économique (OCDE)	Organisation de coopération et de développement économique (OCDE)	Organisations	Organisation de coopération et de développement économiques (OCDE)	correction
Tribunal pénal international (TPIY)	Tribunal pénal international (TPIY)	Institutions	Tribunal pénal international pour l'ex-Yougoslavie (TPIY)	correction
Orgnanisation des Nations unies pour l'alimentation et l'agriculture (FAO)	Orgnanisation des Nations unies pour l'alimentation et l'agriculture (FAO)	Organisations	Nations unies pour l'alimentation et l'agriculture (FAO)	alias
Nations unies pour l'agriculture et l'alimentation (FAO)	Nations unies pour l'agriculture et l'alimentation (FAO)	Organisations	Nations unies pour l'alimentation et l'agriculture (FAO)	correction
Organisation des pays producteurs de pétrole (OPEP)	Organisation des pays producteurs de pétrole (OPEP)	Organisations	Organisation des pays exportateurs de pétrole (OPEP)	correction
Conseil économique et social (CES)	Conseil économique et social (CES)	Institutions	Conseil économique et social (Ecosoc)	correction
Cour internationale de justice de xxx (CIJ)	Cour internationale de justice de xxx (CIJ)	Institutions	Cour internationale de justice (CIJ)	correction
COP2	COP2	Organisations	COP21	correction
Aliance Atlantique (OTAN)	Aliance Atlantique (OTAN)	Organisations	Organisation du traité de l'Atlantique nord (OTAN)	alias
Cédéao	Cédéao	Organisations	Cedeao	alias
Cyrus Vance (ONU)	Cyrus Vance (ONU)	Personnalités	Cyrus Vance	correction
Occupy Wall Street (OWS)	Occupy Wall Street (OWS)	Partis politiques	Occuper Wall Street (OWS)	traduction
Parlement de Strasbourg	Parlement de Strasbourg	Institutions	Parlement européen	alias
secrétariat général 	secrétariat général de l'ONU	Institutions	Secrétariat général des Nations unies	alias
secrétariat général 	secrétariat général des Nations unies	Institutions	Secrétariat général des Nations unies	alias
Traité de non-prolifération (TNP)	Traité de non-prolifération (TNP)	Institutions	Traité de non-prolifération nucléaire (TNP)	alias
Abu Sayyaf	Abu Sayyaf	Partis politiques	Abou Sayyaf 	alias
Front islamique de salut (FIS)	Front islamique de salut (FIS)	Partis politiques	Front islamique du salut (FIS)	correction
Mouvement pour la libération de l'Angola (MPLA)	Mouvement pour la libération de l'Angola (MPLA)	Partis politiques	Mouvement populaire de libération de l'Angola (MPLA) 	correction
Mouvement populaire pour la libération de l'Angola (MPLA) 	Mouvement populaire pour la libération de l'Angola (MPLA) 	Partis politiques	Mouvement populaire de libération de l'Angola (MPLA) 	correction
Mouvement pour la libération de l'Angola (MPLA) 	Mouvement pour la libération de l'Angola (MPLA) 	Partis politiques	Mouvement populaire de libération de l'Angola (MPLA) 	correction
Front de libération nationale kanak socialiste (FLNKS) 	Front de libération nationale kanak socialiste (FLNKS) 	Partis politiques	Front de libération nationale kanak et socialiste (FLNKS) 	correction
Le Congrès national africain (ANC)	Le Congrès national africain (ANC)	Partis politiques	Congrès national africain (ANC)	correction
Alliance des forces démocratiques pour la libération (AFDL) 	Alliance des forces démocratiques pour la libération (AFDL) 	Partis politiques	Alliance des forces démocratiques pour la libération du Congo-Zaïre (AFDL) 	correction
Forces armées révolutionnaires de Colombie - Armée du peuple (FARC) 	Forces armées révolutionnaires de Colombie - Armée du peuple (FARC) 	Partis politiques	Forces armées révolutionnaires de Colombie (FARC) 	alias
Organisation pour la libération de la Palestine (OLP) 	Organisation pour la libération de la Palestine (OLP) 	Partis politiques	Organisation de libération de la Palestine (OLP) 	alias
Front populaire pour la libération de la Palestine (FPLP) 	Front populaire pour la libération de la Palestine (FPLP) 	Partis politiques	Front populaire de libération de la Palestine (FPLP) 	alias
Parti social-démocrate brésilien (PSDB)	Parti social-démocrate brésilien (PSDB)	Partis politiques	Parti de la social-démocratie brésilienne (PSDB)	alias
Front démocratique pour la libération de la Palestine (FDLP) 	Front démocratique pour la libération de la Palestine (FDLP) 	Partis politiques	Front démocratique de libération de la Palestine (FDLP) 	alias
Le Parti communiste cubain (PCC) 	Le Parti communiste cubain (PCC) 	Partis politiques	Parti communiste cubain (PCC) 	correction
Parti action nationale (PAN) 	Parti action nationale (PAN) 	Partis politiques	Parti d'action nationale (PAN) 	correction
La politique agricole commune (PAC) 	La politique agricole commune (PAC) 	Partis politiques	Politique agricole commune (PAC) 	correction
Groupes islamiques armés (GIA) 	Groupes islamiques armés (GIA) 	Partis politiques	groupe islamique armé	correction
Groupes islamistes armés (GIA) 	Groupes islamistes armés (GIA) 	Partis politiques	groupe islamique armé	correction
Grande Bretagne	Grande Bretagne	Géographie	Grande-Bretagne	correction
é (SEL)	é (SEL)	Partis politiques	Gauche, écologie et liberté (SEL)	correction
Al-Qaida dans la xxx (AQPA) 	Al-Qaida dans la xxx (AQPA) 	Partis politiques	Al-Qaida dans la péninsule arabique (AQPA) 	correction
Al-Qaida en Irak	Al-Qaida en Irak	Partis politiques	Al-Qaida	
Colombie (FARC)	Colombie (FARC)	Partis politiques	Forces armées révolutionnaires de Colombie (FARC) 	correction
Kirghizie	Kirghizie	Géographie	Kirghizstan	alias
Institut de technologie du Massachusetts	Institut de technologie du Massachusetts	Institutions	Massachusetts Institute of Technology (MIT)	alias
Vieux Continent	Vieux Continent	Géographie	Europe	alias
vieux continent	vieux continent	Géographie	Europe	alias
Mai 68	Mai 68	Sujets		alias
mai 68	mai 68	Sujets		alias
Diego-Garcia	Diego-Garcia	Géographie	Diego Garcia	correction
Öçalan	Öçalan	Personnalités	Öcalan	correction
Ocalan	Ocalan	Personnalités	Öcalan	correction
entité sioniste	entité sioniste	Géographie	Israël	alias
Nouveaux Chiens	Nouveaux Chiens	a_ajouter	Les Nouveaux Chiens de garde	correction
Jean-Paul II	Jean-Paul II	Personnalités	Jean Paul II	alias
